Feature,RandomForestImportance,MeanAbsSHAP
WeightKg,0.2655843813208245,1.3328786
TetanusVaccination,0.15319918512818181,1.1406434
DiastolicBP,0.19589549513222929,1.083843
SystolicBP,0.10616122360378473,0.69396424
VDRL,0.051274940029792083,0.43324402
HBsAg,0.06047159005846898,0.42960775
UrineSugar,0.019732750044201067,0.36687317
Age,0.04071478532465485,0.15977602
GestationalAge,0.043740589973229944,0.1320659
HeightFt,0.02949862888114285,0.11466558
Gravida,0.00809992521416653,0.09961452
FetalHeartRate,0.02509218929592499,0.032660656
FetalPosition,0.0005343159933983211,0.0
